{
  "mean_iou": 0.5205046004050651,
  "pixel_accuracy": 0.6929490593255946,
  "per_class_iou": {
    "background": 0.5130250608647244,
    "building": 0.6004341776229475,
    "road": 0.5217762076246114,
    "water": 0.6643667855474077,
    "barren": 0.39204030377717974,
    "forest": 0.4170820942365313,
    "agriculture": 0.5348075731620533
  },
  "confusion_matrix": [
    [
      0.0,
      0.0,
      0.0,
      0.0,
      0.0,
      0.0,
      0.0,
      0.0
    ],
    [
      0.0,
      112096673.0,
      11070583.0,
      6133396.0,
      10195731.0,
      4100344.0,
      5283254.0,
      5929318.0
    ],
    [
      0.0,
      3131078.0,
      26880149.0,
      220121.0,
      160009.0,
      163511.0,
      153786.0,
      216035.0
    ],
    [
      0.0,
      3737924.0,
      267134.0,
      14563410.0,
      121806.0,
      398702.0,
      356659.0,
      381048.0
    ],
    [
      0.0,
      4016456.0,
      323829.0,
      180397.0,
      44229183.0,
      464563.0,
      974542.0,
      1014236.0
    ],
    [
      0.0,
      4063984.0,
      181605.0,
      255953.0,
      1350273.0,
      10907076.0,
      169947.0,
      2641800.0
    ],
    [
      0.0,
      10191848.0,
      245791.0,
      335093.0,
      832317.0,
      440494.0,
      18031613.0,
      2267431.0
    ],
    [
      0.0,
      38550770.0,
      1754222.0,
      959576.0,
      2710099.0,
      2683061.0,
      3949992.0,
      72494034.0
    ]
  ]
}