{
  "mean_iou": 0.5289135644681477,
  "pixel_accuracy": 0.7101561158083411,
  "per_class_iou": {
    "background": 0.5092765456620901,
    "building": 0.6179708538212519,
    "road": 0.5592290215274417,
    "water": 0.686075887621726,
    "barren": 0.29411983450683493,
    "forest": 0.4090467280690346,
    "agriculture": 0.6266760800686548
  },
  "confusion_matrix": [
    [
      0.0,
      0.0,
      0.0,
      0.0,
      0.0,
      0.0,
      0.0,
      0.0
    ],
    [
      0.0,
      403166506.0,
      34978783.0,
      11600042.0,
      26632307.0,
      28184600.0,
      24718198.0,
      85970246.0
    ],
    [
      0.0,
      17598838.0,
      102364020.0,
      267239.0,
      142644.0,
      432153.0,
      759332.0,
      1241565.0
    ],
    [
      0.0,
      19487995.0,
      656778.0,
      53324317.0,
      208409.0,
      1189474.0,
      1764880.0,
      2958647.0
    ],
    [
      0.0,
      14388652.0,
      256603.0,
      399303.0,
      161663476.0,
      6337687.0,
      7239716.0,
      9282379.0
    ],
    [
      0.0,
      22791462.0,
      835114.0,
      737562.0,
      2832674.0,
      36525114.0,
      1104758.0,
      9556449.0
    ],
    [
      0.0,
      38149615.0,
      608260.0,
      791465.0,
      1092762.0,
      1634459.0,
      73635209.0,
      9703877.0
    ],
    [
      0.0,
      63978296.0,
      5504056.0,
      1967161.0,
      5158365.0,
      12022958.0,
      18814088.0,
      379637778.0
    ]
  ]
}