{
  "mean_iou": 0.5315316997456578,
  "pixel_accuracy": 0.7068140613211492,
  "per_class_iou": {
    "background": 0.5273611347736812,
    "building": 0.6525085452349532,
    "road": 0.5440962580406336,
    "water": 0.6767786541115217,
    "barren": 0.3364641752428582,
    "forest": 0.4228541373658843,
    "agriculture": 0.5606589934500723
  },
  "confusion_matrix": [
    [
      0.0,
      0.0,
      0.0,
      0.0,
      0.0,
      0.0,
      0.0,
      0.0
    ],
    [
      0.0,
      461053479.0,
      39152049.0,
      22423771.0,
      41839690.0,
      12524871.0,
      19951385.0,
      18305437.0
    ],
    [
      0.0,
      11908775.0,
      108024802.0,
      544245.0,
      251429.0,
      635795.0,
      760981.0,
      679764.0
    ],
    [
      0.0,
      16002883.0,
      719775.0,
      59533414.0,
      457263.0,
      1212668.0,
      898075.0,
      766422.0
    ],
    [
      0.0,
      13775775.0,
      117412.0,
      281674.0,
      176600875.0,
      1767315.0,
      4346944.0,
      2677821.0
    ],
    [
      0.0,
      23386887.0,
      531053.0,
      1105927.0,
      6165134.0,
      33179880.0,
      677610.0,
      9336642.0
    ],
    [
      0.0,
      41999984.0,
      911875.0,
      1753107.0,
      2604784.0,
      564812.0,
      72204084.0,
      5577001.0
    ],
    [
      0.0,
      151940197.0,
      1315129.0,
      3717838.0,
      10057213.0,
      7524817.0,
      18503473.0,
      294024035.0
    ]
  ]
}