{
  "mean_iou": 0.5601087242614943,
  "pixel_accuracy": 0.7269369076733725,
  "per_class_iou": {
    "background": 0.553769179583474,
    "building": 0.6541142388522203,
    "road": 0.5842908448876014,
    "water": 0.7223298191175193,
    "barren": 0.3803533454204399,
    "forest": 0.4508440509308196,
    "agriculture": 0.5750595910383856
  },
  "confusion_matrix": [
    [
      0.0,
      0.0,
      0.0,
      0.0,
      0.0,
      0.0,
      0.0,
      0.0
    ],
    [
      0.0,
      479242667.0,
      36395978.0,
      16200347.0,
      28627741.0,
      8981912.0,
      24884505.0,
      20917532.0
    ],
    [
      0.0,
      12569321.0,
      107751608.0,
      293144.0,
      241844.0,
      499465.0,
      711044.0,
      739365.0
    ],
    [
      0.0,
      16316237.0,
      665478.0,
      58778848.0,
      326701.0,
      1151731.0,
      1298889.0,
      1052616.0
    ],
    [
      0.0,
      15857525.0,
      141679.0,
      230821.0,
      174039964.0,
      1424702.0,
      3817669.0,
      4055456.0
    ],
    [
      0.0,
      23040528.0,
      1034991.0,
      686050.0,
      3868796.0,
      35490102.0,
      676555.0,
      9586111.0
    ],
    [
      0.0,
      36080090.0,
      780837.0,
      1001686.0,
      1607505.0,
      480636.0,
      78468972.0,
      7195921.0
    ],
    [
      0.0,
      146305154.0,
      2904282.0,
      2596064.0,
      6702113.0,
      6386663.0,
      17044726.0,
      305143700.0
    ]
  ]
}