{
  "mean_iou": 0.5601996402740053,
  "pixel_accuracy": 0.726969071682021,
  "per_class_iou": {
    "background": 0.5537190307751227,
    "building": 0.6540943129246098,
    "road": 0.5842365893441003,
    "water": 0.7223637980270332,
    "barren": 0.3802677511868413,
    "forest": 0.4516845585568957,
    "agriculture": 0.5750314411034338
  },
  "confusion_matrix": [
    [
      0.0,
      0.0,
      0.0,
      0.0,
      0.0,
      0.0,
      0.0,
      0.0
    ],
    [
      0.0,
      479154349.0,
      36401515.0,
      16215305.0,
      28639071.0,
      8995802.0,
      24933528.0,
      20911112.0
    ],
    [
      0.0,
      12572647.0,
      107754393.0,
      293289.0,
      241852.0,
      499633.0,
      705593.0,
      738384.0
    ],
    [
      0.0,
      16320781.0,
      665659.0,
      58789689.0,
      326776.0,
      1151784.0,
      1283378.0,
      1052433.0
    ],
    [
      0.0,
      15858879.0,
      141713.0,
      231352.0,
      174073563.0,
      1424979.0,
      3782427.0,
      4054903.0
    ],
    [
      0.0,
      23036847.0,
      1035020.0,
      686501.0,
      3869152.0,
      35488659.0,
      681321.0,
      9585633.0
    ],
    [
      0.0,
      35944264.0,
      784147.0,
      1011848.0,
      1626704.0,
      481584.0,
      78606563.0,
      7160537.0
    ],
    [
      0.0,
      146354316.0,
      2904467.0,
      2597715.0,
      6706324.0,
      6388535.0,
      17027883.0,
      305103462.0
    ]
  ]
}