{
  "mean_iou": 0.5474592748548404,
  "pixel_accuracy": 0.7142732233320717,
  "per_class_iou": {
    "background": 0.536787635252536,
    "building": 0.6392147260279472,
    "road": 0.5567915986676102,
    "water": 0.7098314092423667,
    "barren": 0.39005536769368254,
    "forest": 0.4460398240138954,
    "agriculture": 0.5534943630858445
  },
  "confusion_matrix": [
    [
      0.0,
      0.0,
      0.0,
      0.0,
      0.0,
      0.0,
      0.0,
      0.0
    ],
    [
      0.0,
      471817116.0,
      40581535.0,
      23102011.0,
      30923189.0,
      11264519.0,
      21985850.0,
      15576462.0
    ],
    [
      0.0,
      11741872.0,
      108288794.0,
      579356.0,
      391132.0,
      574707.0,
      695571.0,
      534359.0
    ],
    [
      0.0,
      14674452.0,
      801082.0,
      60622550.0,
      342402.0,
      1321799.0,
      1136584.0,
      691631.0
    ],
    [
      0.0,
      16068666.0,
      156926.0,
      303441.0,
      174599511.0,
      1570056.0,
      3415930.0,
      3453286.0
    ],
    [
      0.0,
      22125317.0,
      869703.0,
      827023.0,
      3932922.0,
      38244419.0,
      526143.0,
      7857606.0
    ],
    [
      0.0,
      39664326.0,
      935056.0,
      1299844.0,
      1887601.0,
      568786.0,
      75308619.0,
      5951415.0
    ],
    [
      0.0,
      159438888.0,
      3259011.0,
      3176174.0,
      8928149.0,
      8365693.0,
      15462605.0,
      288452182.0
    ]
  ]
}