{
  "mean_iou": 0.5329356827084084,
  "pixel_accuracy": 0.7092004058019793,
  "per_class_iou": {
    "background": 0.5299386817909695,
    "building": 0.6548891811996624,
    "road": 0.5614629994029101,
    "water": 0.674048376766157,
    "barren": 0.31742438703227654,
    "forest": 0.4293859140556375,
    "agriculture": 0.5634002387112457
  },
  "confusion_matrix": [
    [
      0.0,
      0.0,
      0.0,
      0.0,
      0.0,
      0.0,
      0.0,
      0.0
    ],
    [
      0.0,
      465514085.0,
      38659171.0,
      18236053.0,
      43427806.0,
      9919262.0,
      20464375.0,
      19029930.0
    ],
    [
      0.0,
      12252721.0,
      107949799.0,
      349586.0,
      251882.0,
      565509.0,
      787161.0,
      649133.0
    ],
    [
      0.0,
      17255057.0,
      691513.0,
      58281802.0,
      426274.0,
      1045863.0,
      1014549.0,
      875442.0
    ],
    [
      0.0,
      13602266.0,
      118659.0,
      240630.0,
      177566187.0,
      1192831.0,
      4011383.0,
      2835860.0
    ],
    [
      0.0,
      24856042.0,
      528973.0,
      873948.0,
      6865856.0,
      29548601.0,
      542333.0,
      11167380.0
    ],
    [
      0.0,
      41065866.0,
      810584.0,
      1363920.0,
      2897182.0,
      505076.0,
      72014155.0,
      6958864.0
    ],
    [
      0.0,
      154147458.0,
      1222051.0,
      3148823.0,
      9995592.0,
      5476955.0,
      15278845.0,
      297812978.0
    ]
  ]
}