{
  "mean_iou": 0.5233498654157532,
  "pixel_accuracy": 0.6954545386329032,
  "per_class_iou": {
    "background": 0.5171135299714943,
    "building": 0.6300946554987428,
    "road": 0.5326213158612614,
    "water": 0.6726235434099989,
    "barren": 0.34236877727658144,
    "forest": 0.43795781902630776,
    "agriculture": 0.530669416865886
  },
  "confusion_matrix": [
    [
      0.0,
      0.0,
      0.0,
      0.0,
      0.0,
      0.0,
      0.0,
      0.0
    ],
    [
      0.0,
      115304089.0,
      11083525.0,
      5566461.0,
      9088237.0,
      4246244.0,
      6155341.0,
      3365402.0
    ],
    [
      0.0,
      2556373.0,
      27609257.0,
      134313.0,
      114641.0,
      176538.0,
      144650.0,
      188917.0
    ],
    [
      0.0,
      4091460.0,
      250798.0,
      14510782.0,
      114958.0,
      351588.0,
      291328.0,
      215769.0
    ],
    [
      0.0,
      4216798.0,
      29365.0,
      87596.0,
      44652009.0,
      773401.0,
      991184.0,
      452853.0
    ],
    [
      0.0,
      6293814.0,
      267310.0,
      213165.0,
      1407568.0,
      9599420.0,
      274798.0,
      1514563.0
    ],
    [
      0.0,
      9932409.0,
      311646.0,
      373559.0,
      786420.0,
      190843.0,
      19658017.0,
      1091693.0
    ],
    [
      0.0,
      41076200.0,
      950301.0,
      1042311.0,
      3669814.0,
      2728994.0,
      4683752.0,
      68950382.0
    ]
  ]
}