{
  "mean_iou": 0.5333902913911827,
  "pixel_accuracy": 0.7054727896504981,
  "per_class_iou": {
    "background": 0.5356817600016496,
    "building": 0.6527209482007813,
    "road": 0.5593109952778192,
    "water": 0.6948840235294058,
    "barren": 0.3257941082169511,
    "forest": 0.42912518667885524,
    "agriculture": 0.5362150178328162
  },
  "confusion_matrix": [
    [
      0.0,
      0.0,
      0.0,
      0.0,
      0.0,
      0.0,
      0.0,
      0.0
    ],
    [
      0.0,
      122101238.0,
      7492617.0,
      4335956.0,
      7325470.0,
      2555810.0,
      6919704.0,
      4078504.0
    ],
    [
      0.0,
      4524148.0,
      25696285.0,
      119749.0,
      88470.0,
      109465.0,
      167528.0,
      219044.0
    ],
    [
      0.0,
      4384707.0,
      137371.0,
      14295404.0,
      109953.0,
      281869.0,
      363573.0,
      253806.0
    ],
    [
      0.0,
      4992668.0,
      44628.0,
      47374.0,
      43659074.0,
      351495.0,
      1268868.0,
      839099.0
    ],
    [
      0.0,
      7536085.0,
      220563.0,
      152157.0,
      1267151.0,
      7962365.0,
      261627.0,
      2170690.0
    ],
    [
      0.0,
      9625612.0,
      170063.0,
      270142.0,
      573449.0,
      152328.0,
      19998131.0,
      1554862.0
    ],
    [
      0.0,
      42063631.0,
      378018.0,
      806893.0,
      2261597.0,
      1418263.0,
      5276204.0,
      70897148.0
    ]
  ]
}