{
  "mean_iou": 0.5411434271798352,
  "pixel_accuracy": 0.7139439900822268,
  "per_class_iou": {
    "background": 0.5430753357990246,
    "building": 0.6428234602465046,
    "road": 0.5670982617302018,
    "water": 0.7119793044645394,
    "barren": 0.335535927886276,
    "forest": 0.4351510942310642,
    "agriculture": 0.5523406059012358
  },
  "confusion_matrix": [
    [
      0.0,
      0.0,
      0.0,
      0.0,
      0.0,
      0.0,
      0.0,
      0.0
    ],
    [
      0.0,
      481165094.0,
      37760973.0,
      17969935.0,
      27349604.0,
      9204337.0,
      25834521.0,
      15966218.0
    ],
    [
      0.0,
      12745910.0,
      107417028.0,
      446226.0,
      263073.0,
      531232.0,
      769823.0,
      632499.0
    ],
    [
      0.0,
      16737803.0,
      712895.0,
      58554704.0,
      348380.0,
      1037560.0,
      1457696.0,
      741462.0
    ],
    [
      0.0,
      18275430.0,
      271909.0,
      252488.0,
      172225247.0,
      1490317.0,
      3789210.0,
      3263215.0
    ],
    [
      0.0,
      26427370.0,
      1314141.0,
      644496.0,
      4390882.0,
      31304374.0,
      889843.0,
      9412027.0
    ],
    [
      0.0,
      37898617.0,
      934511.0,
      1039631.0,
      1795146.0,
      464699.0,
      76800059.0,
      6682984.0
    ],
    [
      0.0,
      158664826.0,
      3301690.0,
      3309913.0,
      8181522.0,
      6185360.0,
      18133817.0,
      289305574.0
    ]
  ]
}