{
  "checkpoint": null,
  "checkpoints": [
    "outputs/seg_release/pr05_b2_cedice_inverse_basic_aug/checkpoints/best_model.pth",
    "outputs/seg_release/pr05_b2_focal_median_basic_aug/checkpoints/best_model.pth",
    "outputs/seg_release/pr04_b1_cedice_inverse_strong_aug/checkpoints/best_model.pth"
  ],
  "ensemble_size": 3,
  "num_samples": 1669,
  "mean_iou": 0.5464999600673255,
  "pixel_accuracy": 0.7161481854817718,
  "per_class_iou": {
    "background": 0.5406764486172707,
    "building": 0.6427406821566213,
    "road": 0.5716503767302034,
    "water": 0.7069351633903082,
    "barren": 0.3661431281927755,
    "forest": 0.440854068293329,
    "agriculture": 0.5564998530907704
  },
  "mean_entropy": 0.5714209160185488,
  "tta": "sliding",
  "window_size": 512,
  "stride": 256,
  "scales": [
    0.75,
    1.0,
    1.25
  ]
}