{
  "mean_iou": 0.5464999600673255,
  "pixel_accuracy": 0.7161481854817718,
  "per_class_iou": {
    "background": 0.5406764486172707,
    "building": 0.6427406821566213,
    "road": 0.5716503767302034,
    "water": 0.7069351633903082,
    "barren": 0.3661431281927755,
    "forest": 0.440854068293329,
    "agriculture": 0.5564998530907704
  },
  "confusion_matrix": [
    [
      0.0,
      0.0,
      0.0,
      0.0,
      0.0,
      0.0,
      0.0,
      0.0
    ],
    [
      0.0,
      479139696.0,
      39845698.0,
      19579767.0,
      31878178.0,
      8761287.0,
      19094286.0,
      16951770.0
    ],
    [
      0.0,
      12343059.0,
      107993614.0,
      422253.0,
      369861.0,
      494092.0,
      625399.0,
      557513.0
    ],
    [
      0.0,
      15726445.0,
      792434.0,
      59728047.0,
      288933.0,
      1131052.0,
      1173211.0,
      750378.0
    ],
    [
      0.0,
      16098896.0,
      169314.0,
      271842.0,
      174975144.0,
      1297475.0,
      2831856.0,
      3923289.0
    ],
    [
      0.0,
      24418888.0,
      576609.0,
      743874.0,
      4502353.0,
      33978849.0,
      391412.0,
      9771148.0
    ],
    [
      0.0,
      41707209.0,
      869961.0,
      1086156.0,
      2177598.0,
      399769.0,
      71470729.0,
      7904225.0
    ],
    [
      0.0,
      160640445.0,
      2960698.0,
      2789134.0,
      8727555.0,
      6335286.0,
      12386981.0,
      293242603.0
    ]
  ]
}