{
  "mean_iou": 0.52940652317901,
  "pixel_accuracy": 0.7106157395330005,
  "per_class_iou": {
    "background": 0.5451862247899251,
    "building": 0.628688786043815,
    "road": 0.5662390129199394,
    "water": 0.6919489835450802,
    "barren": 0.3087544801884329,
    "forest": 0.4110509374724954,
    "agriculture": 0.5539772372933829
  },
  "confusion_matrix": [
    [
      0.0,
      0.0,
      0.0,
      0.0,
      0.0,
      0.0,
      0.0,
      0.0
    ],
    [
      0.0,
      499358254.0,
      38535214.0,
      18256372.0,
      17929062.0,
      5523309.0,
      14939647.0,
      20708824.0
    ],
    [
      0.0,
      13618779.0,
      106822917.0,
      410874.0,
      234235.0,
      406903.0,
      511910.0,
      800173.0
    ],
    [
      0.0,
      17414657.0,
      879966.0,
      58349714.0,
      234542.0,
      718755.0,
      1075827.0,
      917039.0
    ],
    [
      0.0,
      30942071.0,
      409921.0,
      234452.0,
      158080016.0,
      1100448.0,
      2717847.0,
      6083061.0
    ],
    [
      0.0,
      31855379.0,
      1323858.0,
      776991.0,
      2470812.0,
      26876619.0,
      288145.0,
      10791329.0
    ],
    [
      0.0,
      46822487.0,
      1114916.0,
      1005788.0,
      1674276.0,
      356965.0,
      64253290.0,
      10387925.0
    ],
    [
      0.0,
      160036648.0,
      4844160.0,
      2772875.0,
      6345429.0,
      4559002.0,
      11165643.0,
      297358945.0
    ]
  ]
}