{
  "mean_iou": 0.5476147480519404,
  "pixel_accuracy": 0.7143775725599766,
  "per_class_iou": {
    "background": 0.5365690391154386,
    "building": 0.6399651560790465,
    "road": 0.5567736549250731,
    "water": 0.7088846012599961,
    "barren": 0.3905252017448614,
    "forest": 0.44605831380233,
    "agriculture": 0.5545272694368375
  },
  "confusion_matrix": [
    [
      0.0,
      0.0,
      0.0,
      0.0,
      0.0,
      0.0,
      0.0,
      0.0
    ],
    [
      0.0,
      471381816.0,
      40677073.0,
      23006594.0,
      31022016.0,
      11329223.0,
      22061579.0,
      15772381.0
    ],
    [
      0.0,
      11634078.0,
      108378503.0,
      575872.0,
      411568.0,
      592245.0,
      685549.0,
      527976.0
    ],
    [
      0.0,
      14721512.0,
      801867.0,
      60570681.0,
      338272.0,
      1330620.0,
      1138733.0,
      688815.0
    ],
    [
      0.0,
      16241652.0,
      153899.0,
      295151.0,
      174422162.0,
      1582778.0,
      3391395.0,
      3480779.0
    ],
    [
      0.0,
      22170696.0,
      824850.0,
      818912.0,
      3941162.0,
      38341744.0,
      523775.0,
      7761994.0
    ],
    [
      0.0,
      39564030.0,
      933864.0,
      1298467.0,
      1905500.0,
      579284.0,
      75330994.0,
      6003508.0
    ],
    [
      0.0,
      158928374.0,
      3153287.0,
      3203202.0,
      8865226.0,
      8382665.0,
      15464815.0,
      289085133.0
    ]
  ]
}