{
  "checkpoint": "outputs/seg_release/pr05_b2_cedice_inverse_basic_aug/checkpoints/best_model.pth",
  "num_samples": 1669,
  "mean_iou": 0.5362456483591419,
  "pixel_accuracy": 0.7129369509721822,
  "per_class_iou": {
    "background": 0.5404397233474911,
    "building": 0.6452215126675559,
    "road": 0.5684795548135595,
    "water": 0.7063663548658119,
    "barren": 0.30352507982856264,
    "forest": 0.43183067786150087,
    "agriculture": 0.557856635129511
  },
  "mean_entropy": 0.39445779155694294,
  "tta": "sliding",
  "window_size": 512,
  "stride": 256,
  "scales": [
    0.875,
    1.0,
    1.125
  ]
}