{
  "mean_iou": 0.5362456483591419,
  "pixel_accuracy": 0.7129369509721822,
  "per_class_iou": {
    "background": 0.5404397233474911,
    "building": 0.6452215126675559,
    "road": 0.5684795548135595,
    "water": 0.7063663548658119,
    "barren": 0.30352507982856264,
    "forest": 0.43183067786150087,
    "agriculture": 0.557856635129511
  },
  "confusion_matrix": [
    [
      0.0,
      0.0,
      0.0,
      0.0,
      0.0,
      0.0,
      0.0,
      0.0
    ],
    [
      0.0,
      484540910.0,
      35996605.0,
      19834780.0,
      25567117.0,
      7866626.0,
      23439685.0,
      18004959.0
    ],
    [
      0.0,
      14223307.0,
      105904666.0,
      561323.0,
      369762.0,
      454300.0,
      727164.0,
      565269.0
    ],
    [
      0.0,
      16488603.0,
      680811.0,
      59455885.0,
      258667.0,
      853456.0,
      1245606.0,
      607472.0
    ],
    [
      0.0,
      19894087.0,
      96881.0,
      207668.0,
      170453044.0,
      1448236.0,
      3768069.0,
      3699831.0
    ],
    [
      0.0,
      30107337.0,
      606769.0,
      612626.0,
      4649766.0,
      27474115.0,
      622541.0,
      10309979.0
    ],
    [
      0.0,
      41414082.0,
      699850.0,
      1067815.0,
      1902182.0,
      295531.0,
      72896464.0,
      7339723.0
    ],
    [
      0.0,
      159189806.0,
      3250204.0,
      2712840.0,
      8994377.0,
      5215505.0,
      13389267.0,
      294330703.0
    ]
  ]
}