{
  "mean_iou": 0.5316189220315547,
  "pixel_accuracy": 0.716983360107346,
  "per_class_iou": {
    "background": 0.527967273280889,
    "building": 0.6259339966541618,
    "road": 0.5500601918093607,
    "water": 0.7131164612546985,
    "barren": 0.324113566101524,
    "forest": 0.3639911405216183,
    "agriculture": 0.6161498245986304
  },
  "confusion_matrix": [
    [
      0.0,
      0.0,
      0.0,
      0.0,
      0.0,
      0.0,
      0.0,
      0.0
    ],
    [
      0.0,
      445568517.0,
      29923883.0,
      11282481.0,
      24933586.0,
      13509201.0,
      11598802.0,
      78434212.0
    ],
    [
      0.0,
      21352303.0,
      98783746.0,
      284217.0,
      102500.0,
      248527.0,
      495281.0,
      1539217.0
    ],
    [
      0.0,
      21339180.0,
      500099.0,
      52309892.0,
      199235.0,
      1167240.0,
      1032502.0,
      3042352.0
    ],
    [
      0.0,
      17659696.0,
      105004.0,
      348449.0,
      165739694.0,
      3726542.0,
      2970927.0,
      9017504.0
    ],
    [
      0.0,
      25242369.0,
      942993.0,
      618237.0,
      2746802.0,
      33168998.0,
      393105.0,
      11270629.0
    ],
    [
      0.0,
      55726246.0,
      637271.0,
      738787.0,
      1070123.0,
      744535.0,
      56058922.0,
      10639763.0
    ],
    [
      0.0,
      87361600.0,
      2903110.0,
      2235816.0,
      3795964.0,
      8558402.0,
      11905512.0,
      370322298.0
    ]
  ]
}