{
  "mean_iou": 0.5172640911840902,
  "pixel_accuracy": 0.6925350970168997,
  "per_class_iou": {
    "background": 0.5162654741949968,
    "building": 0.5898458458847767,
    "road": 0.5266392711049915,
    "water": 0.6727742190173126,
    "barren": 0.38921751763666135,
    "forest": 0.39269958449425063,
    "agriculture": 0.5334067259556414
  },
  "confusion_matrix": [
    [
      0.0,
      0.0,
      0.0,
      0.0,
      0.0,
      0.0,
      0.0,
      0.0
    ],
    [
      0.0,
      112978858.0,
      11110812.0,
      5708250.0,
      10860676.0,
      4155025.0,
      4883714.0,
      5111964.0
    ],
    [
      0.0,
      3206172.0,
      26813948.0,
      223396.0,
      124499.0,
      163554.0,
      187173.0,
      205947.0
    ],
    [
      0.0,
      3819329.0,
      262443.0,
      14338443.0,
      157199.0,
      464339.0,
      388939.0,
      395991.0
    ],
    [
      0.0,
      3356600.0,
      69951.0,
      111509.0,
      45475549.0,
      513038.0,
      934501.0,
      742058.0
    ],
    [
      0.0,
      4371471.0,
      156585.0,
      223757.0,
      1337151.0,
      10988373.0,
      153855.0,
      2339446.0
    ],
    [
      0.0,
      11759340.0,
      190321.0,
      287564.0,
      797880.0,
      282115.0,
      16982817.0,
      2044550.0
    ],
    [
      0.0,
      37516475.0,
      2744446.0,
      845149.0,
      3113461.0,
      3083250.0,
      4353564.0,
      71445409.0
    ]
  ]
}