{
  "mean_iou": 0.5399637539691203,
  "pixel_accuracy": 0.7110345475842446,
  "per_class_iou": {
    "background": 0.5344358326098615,
    "building": 0.6393990618588503,
    "road": 0.548549588312851,
    "water": 0.7116127388188993,
    "barren": 0.3524802931993436,
    "forest": 0.43685034674343715,
    "agriculture": 0.5564184162405995
  },
  "confusion_matrix": [
    [
      0.0,
      0.0,
      0.0,
      0.0,
      0.0,
      0.0,
      0.0,
      0.0
    ],
    [
      0.0,
      473264335.0,
      38279646.0,
      24720384.0,
      24906636.0,
      11492531.0,
      25616553.0,
      16970597.0
    ],
    [
      0.0,
      12910780.0,
      106848091.0,
      834311.0,
      408842.0,
      513623.0,
      768868.0,
      521276.0
    ],
    [
      0.0,
      14930620.0,
      721888.0,
      60774183.0,
      318940.0,
      1119494.0,
      1137180.0,
      588195.0
    ],
    [
      0.0,
      19752398.0,
      116849.0,
      242846.0,
      169755596.0,
      2013317.0,
      4310736.0,
      3376074.0
    ],
    [
      0.0,
      26523271.0,
      917174.0,
      751594.0,
      3313001.0,
      34623933.0,
      713440.0,
      7540720.0
    ],
    [
      0.0,
      39904118.0,
      859983.0,
      1461632.0,
      1430438.0,
      536314.0,
      76842391.0,
      4580771.0
    ],
    [
      0.0,
      156268183.0,
      3405719.0,
      3189415.0,
      8604857.0,
      8171003.0,
      17738526.0,
      289704999.0
    ]
  ]
}