{
  "mean_iou": 0.5486155855648616,
  "pixel_accuracy": 0.7165820149823,
  "per_class_iou": {
    "background": 0.5419928834990464,
    "building": 0.6442432077800576,
    "road": 0.5644240571190621,
    "water": 0.7142318438594807,
    "barren": 0.37559933753916375,
    "forest": 0.445291766311994,
    "agriculture": 0.554526002845226
  },
  "confusion_matrix": [
    [
      0.0,
      0.0,
      0.0,
      0.0,
      0.0,
      0.0,
      0.0,
      0.0
    ],
    [
      0.0,
      477686333.0,
      39576653.0,
      21066623.0,
      29105031.0,
      9949005.0,
      22737608.0,
      15129429.0
    ],
    [
      0.0,
      11633782.0,
      108482201.0,
      506036.0,
      372592.0,
      559553.0,
      695353.0,
      556274.0
    ],
    [
      0.0,
      15349942.0,
      747441.0,
      60116418.0,
      324986.0,
      1148398.0,
      1213404.0,
      689911.0
    ],
    [
      0.0,
      16613099.0,
      222188.0,
      272821.0,
      174038299.0,
      1467704.0,
      3461674.0,
      3492031.0
    ],
    [
      0.0,
      23920128.0,
      961463.0,
      747649.0,
      4029969.0,
      35840135.0,
      586858.0,
      8296931.0
    ],
    [
      0.0,
      39005218.0,
      921666.0,
      1182794.0,
      1801485.0,
      513828.0,
      75896238.0,
      6294418.0
    ],
    [
      0.0,
      159578819.0,
      3151829.0,
      3142889.0,
      8470117.0,
      7399567.0,
      16131049.0,
      289208432.0
    ]
  ]
}