{
  "mean_iou": 0.5227028068361951,
  "pixel_accuracy": 0.6935834297387191,
  "per_class_iou": {
    "background": 0.5181630833829484,
    "building": 0.6319988313185594,
    "road": 0.5348280174672542,
    "water": 0.6660344515693603,
    "barren": 0.3410200272042899,
    "forest": 0.43520481716009857,
    "agriculture": 0.5316704197508545
  },
  "confusion_matrix": [
    [
      0.0,
      0.0,
      0.0,
      0.0,
      0.0,
      0.0,
      0.0,
      0.0
    ],
    [
      0.0,
      114952553.0,
      9679471.0,
      5159594.0,
      6486554.0,
      3796641.0,
      9877430.0,
      4857056.0
    ],
    [
      0.0,
      3496115.0,
      26684218.0,
      164510.0,
      88171.0,
      141774.0,
      140331.0,
      209570.0
    ],
    [
      0.0,
      4349987.0,
      203681.0,
      14316048.0,
      93687.0,
      340869.0,
      317108.0,
      205303.0
    ],
    [
      0.0,
      5900112.0,
      58482.0,
      116002.0,
      41078167.0,
      620657.0,
      1437297.0,
      1992489.0
    ],
    [
      0.0,
      5930312.0,
      193591.0,
      232299.0,
      1229193.0,
      9388606.0,
      397211.0,
      2199426.0
    ],
    [
      0.0,
      7633609.0,
      280553.0,
      304891.0,
      522054.0,
      193400.0,
      21627506.0,
      1782574.0
    ],
    [
      0.0,
      39726847.0,
      881475.0,
      963594.0,
      2052874.0,
      2866973.0,
      5181042.0,
      71428949.0
    ]
  ]
}