{
  "mean_iou": 0.5594537185073059,
  "pixel_accuracy": 0.7263279020575877,
  "per_class_iou": {
    "background": 0.5534093504087431,
    "building": 0.6541069119630397,
    "road": 0.584310414368558,
    "water": 0.721804400985582,
    "barren": 0.37855001013669093,
    "forest": 0.4509200445164351,
    "agriculture": 0.5730748971720919
  },
  "confusion_matrix": [
    [
      0.0,
      0.0,
      0.0,
      0.0,
      0.0,
      0.0,
      0.0,
      0.0
    ],
    [
      0.0,
      479946817.0,
      36400574.0,
      16212701.0,
      28654092.0,
      8855009.0,
      24907060.0,
      20274429.0
    ],
    [
      0.0,
      12580183.0,
      107758094.0,
      293486.0,
      242435.0,
      494505.0,
      712386.0,
      724702.0
    ],
    [
      0.0,
      16352952.0,
      665603.0,
      58802248.0,
      327363.0,
      1125480.0,
      1299351.0,
      1017503.0
    ],
    [
      0.0,
      15897492.0,
      146704.0,
      231328.0,
      173993776.0,
      1429970.0,
      3819909.0,
      4048637.0
    ],
    [
      0.0,
      23302768.0,
      1043144.0,
      687622.0,
      3885883.0,
      35243905.0,
      680725.0,
      9539086.0
    ],
    [
      0.0,
      36121087.0,
      781588.0,
      1002470.0,
      1610221.0,
      467979.0,
      78516207.0,
      7116095.0
    ],
    [
      0.0,
      147749458.0,
      2897393.0,
      2617183.0,
      6766104.0,
      6346299.0,
      17089377.0,
      303616888.0
    ]
  ]
}