{
  "mean_iou": 0.5238656072002249,
  "pixel_accuracy": 0.7006973000211014,
  "per_class_iou": {
    "background": 0.534177379240584,
    "building": 0.631992110924297,
    "road": 0.5299579988031193,
    "water": 0.6802278751976387,
    "barren": 0.3525225222795255,
    "forest": 0.40051929790226254,
    "agriculture": 0.5376620660541468
  },
  "confusion_matrix": [
    [
      0.0,
      0.0,
      0.0,
      0.0,
      0.0,
      0.0,
      0.0,
      0.0
    ],
    [
      0.0,
      123380078.0,
      9883034.0,
      5695482.0,
      4260592.0,
      2493378.0,
      4303281.0,
      4793454.0
    ],
    [
      0.0,
      3174542.0,
      27068133.0,
      172529.0,
      86128.0,
      82906.0,
      137692.0,
      202759.0
    ],
    [
      0.0,
      4242882.0,
      256492.0,
      14404605.0,
      76312.0,
      236909.0,
      283842.0,
      325641.0
    ],
    [
      0.0,
      8385601.0,
      34107.0,
      70545.0,
      39780020.0,
      395088.0,
      1139260.0,
      1398585.0
    ],
    [
      0.0,
      7116615.0,
      319482.0,
      187687.0,
      623966.0,
      8756645.0,
      202842.0,
      2363401.0
    ],
    [
      0.0,
      12210173.0,
      298685.0,
      302454.0,
      406053.0,
      184827.0,
      17092286.0,
      1850109.0
    ],
    [
      0.0,
      41033001.0,
      1113370.0,
      925274.0,
      1824175.0,
      1876213.0,
      4263808.0,
      72065913.0
    ]
  ]
}