{
  "mean_iou": 0.5324649062331355,
  "pixel_accuracy": 0.7072423419038274,
  "per_class_iou": {
    "background": 0.5395645540895797,
    "building": 0.6381451188300471,
    "road": 0.5397351258989915,
    "water": 0.7101652696829894,
    "barren": 0.3454202000915043,
    "forest": 0.41458200559642644,
    "agriculture": 0.5396420694424092
  },
  "confusion_matrix": [
    [
      0.0,
      0.0,
      0.0,
      0.0,
      0.0,
      0.0,
      0.0,
      0.0
    ],
    [
      0.0,
      495886402.0,
      33555055.0,
      25065386.0,
      20888083.0,
      9222003.0,
      18304182.0,
      12329571.0
    ],
    [
      0.0,
      16733553.0,
      103201096.0,
      864388.0,
      249162.0,
      453635.0,
      793465.0,
      510492.0
    ],
    [
      0.0,
      16134758.0,
      623543.0,
      59951913.0,
      299626.0,
      960375.0,
      1047261.0,
      573024.0
    ],
    [
      0.0,
      24631689.0,
      94007.0,
      241874.0,
      165844083.0,
      1815506.0,
      3722243.0,
      3218414.0
    ],
    [
      0.0,
      28416281.0,
      866119.0,
      744968.0,
      3342475.0,
      32789589.0,
      612815.0,
      7610886.0
    ],
    [
      0.0,
      47722165.0,
      809381.0,
      1441468.0,
      1217941.0,
      484815.0,
      69171841.0,
      4768036.0
    ],
    [
      0.0,
      170160128.0,
      2966523.0,
      3127961.0,
      7963753.0,
      7607202.0,
      16751573.0,
      278505562.0
    ]
  ]
}