{
  "mean_iou": 0.519148744817907,
  "pixel_accuracy": 0.6912093689489559,
  "per_class_iou": {
    "background": 0.44862027350573475,
    "building": 0.6127371871890779,
    "road": 0.5452823368912817,
    "water": 0.6631953028434712,
    "barren": 0.35685977051297163,
    "forest": 0.39501258904784187,
    "agriculture": 0.6123337537349697
  },
  "confusion_matrix": [
    [
      0.0,
      0.0,
      0.0,
      0.0,
      0.0,
      0.0,
      0.0,
      0.0
    ],
    [
      0.0,
      83496898.0,
      13962795.0,
      5942066.0,
      10924209.0,
      9409545.0,
      5112217.0,
      25961569.0
    ],
    [
      0.0,
      1547905.0,
      28514937.0,
      106247.0,
      101988.0,
      236480.0,
      177467.0,
      239665.0
    ],
    [
      0.0,
      2807192.0,
      383028.0,
      15051370.0,
      189259.0,
      679621.0,
      282186.0,
      434027.0
    ],
    [
      0.0,
      2125376.0,
      60948.0,
      115380.0,
      45033202.0,
      1160496.0,
      1133497.0,
      1574307.0
    ],
    [
      0.0,
      1354345.0,
      235838.0,
      191768.0,
      1115755.0,
      12856977.0,
      138899.0,
      3677056.0
    ],
    [
      0.0,
      10604716.0,
      209872.0,
      443763.0,
      763528.0,
      928125.0,
      17326801.0,
      2067782.0
    ],
    [
      0.0,
      12870482.0,
      759808.0,
      976986.0,
      3605434.0,
      4043188.0,
      4675068.0,
      96170788.0
    ]
  ]
}