{
  "mean_iou": 0.5315317570465586,
  "pixel_accuracy": 0.706814099460058,
  "per_class_iou": {
    "background": 0.5273612247258705,
    "building": 0.6525091023704006,
    "road": 0.5440959798302774,
    "water": 0.6767789625157375,
    "barren": 0.3364640493984338,
    "forest": 0.4228542397337588,
    "agriculture": 0.560658740751432
  },
  "confusion_matrix": [
    [
      0.0,
      0.0,
      0.0,
      0.0,
      0.0,
      0.0,
      0.0,
      0.0
    ],
    [
      0.0,
      461053632.0,
      39152019.0,
      22423780.0,
      41839577.0,
      12524854.0,
      19951296.0,
      18305524.0
    ],
    [
      0.0,
      11908734.0,
      108024859.0,
      544241.0,
      251426.0,
      635797.0,
      760977.0,
      679757.0
    ],
    [
      0.0,
      16002918.0,
      719775.0,
      59533389.0,
      457260.0,
      1212663.0,
      898073.0,
      766422.0
    ],
    [
      0.0,
      13775785.0,
      117406.0,
      281676.0,
      176600879.0,
      1767296.0,
      4346951.0,
      2677823.0
    ],
    [
      0.0,
      23386877.0,
      531057.0,
      1105931.0,
      6165149.0,
      33179840.0,
      677616.0,
      9336663.0
    ],
    [
      0.0,
      41999980.0,
      911869.0,
      1753107.0,
      2604800.0,
      564806.0,
      72204063.0,
      5577022.0
    ],
    [
      0.0,
      151940348.0,
      1315113.0,
      3717837.0,
      10057188.0,
      7524780.0,
      18503464.0,
      294023972.0
    ]
  ]
}