{
  "mean_iou": 0.5539309425554532,
  "pixel_accuracy": 0.7215644174814955,
  "per_class_iou": {
    "background": 0.5485420624644771,
    "building": 0.6496585476723187,
    "road": 0.5778706833058579,
    "water": 0.7173432936213447,
    "barren": 0.3702904298671923,
    "forest": 0.4512989842101074,
    "agriculture": 0.5625125967468743
  },
  "confusion_matrix": [
    [
      0.0,
      0.0,
      0.0,
      0.0,
      0.0,
      0.0,
      0.0,
      0.0
    ],
    [
      0.0,
      479193918.0,
      37499049.0,
      18003756.0,
      29068577.0,
      8578382.0,
      25422480.0,
      17484520.0
    ],
    [
      0.0,
      12337235.0,
      107983664.0,
      368938.0,
      261036.0,
      505313.0,
      717638.0,
      631967.0
    ],
    [
      0.0,
      15911142.0,
      709365.0,
      59439389.0,
      338056.0,
      1092214.0,
      1268640.0,
      831694.0
    ],
    [
      0.0,
      16173715.0,
      208822.0,
      242918.0,
      173969828.0,
      1378961.0,
      3734677.0,
      3858895.0
    ],
    [
      0.0,
      23910760.0,
      1096085.0,
      700162.0,
      4119667.0,
      34375317.0,
      678294.0,
      9502848.0
    ],
    [
      0.0,
      35836494.0,
      876961.0,
      1090691.0,
      1756072.0,
      467613.0,
      78832694.0,
      6755122.0
    ],
    [
      0.0,
      154157316.0,
      3019956.0,
      2862361.0,
      7408403.0,
      6427777.0,
      17242153.0,
      295964736.0
    ]
  ]
}