{
  "mean_iou": 0.5070404257776201,
  "pixel_accuracy": 0.6929841002492245,
  "per_class_iou": {
    "background": 0.5382273699148982,
    "building": 0.6200342017493485,
    "road": 0.5418481885179399,
    "water": 0.649997840479864,
    "barren": 0.2812801094477766,
    "forest": 0.39565145904347976,
    "agriculture": 0.5222438112900343
  },
  "confusion_matrix": [
    [
      0.0,
      0.0,
      0.0,
      0.0,
      0.0,
      0.0,
      0.0,
      0.0
    ],
    [
      0.0,
      133270274.0,
      6379413.0,
      1968017.0,
      3945758.0,
      1795157.0,
      4330038.0,
      3120642.0
    ],
    [
      0.0,
      6570711.0,
      23909979.0,
      29521.0,
      55242.0,
      45632.0,
      127517.0,
      186087.0
    ],
    [
      0.0,
      6572749.0,
      136491.0,
      12287752.0,
      60808.0,
      204828.0,
      331148.0,
      232907.0
    ],
    [
      0.0,
      10979283.0,
      26788.0,
      58656.0,
      37744371.0,
      254528.0,
      1034981.0,
      1104599.0
    ],
    [
      0.0,
      9922500.0,
      170890.0,
      111998.0,
      684053.0,
      6653200.0,
      250717.0,
      1777280.0
    ],
    [
      0.0,
      13350162.0,
      69038.0,
      134972.0,
      235724.0,
      85648.0,
      16878113.0,
      1590930.0
    ],
    [
      0.0,
      45404915.0,
      855046.0,
      547634.0,
      1883665.0,
      1696859.0,
      4240056.0,
      68473579.0
    ]
  ]
}