{
  "mean_iou": 0.5357208294186031,
  "pixel_accuracy": 0.7049201453072944,
  "per_class_iou": {
    "background": 0.5236836715450855,
    "building": 0.6127093463966049,
    "road": 0.5458074273320319,
    "water": 0.6823658328059388,
    "barren": 0.4078293555187053,
    "forest": 0.4267531976437143,
    "agriculture": 0.5508969746881411
  },
  "confusion_matrix": [
    [
      0.0,
      0.0,
      0.0,
      0.0,
      0.0,
      0.0,
      0.0,
      0.0
    ],
    [
      0.0,
      452791719.0,
      43868857.0,
      23258393.0,
      39716705.0,
      14751547.0,
      18859901.0,
      22003560.0
    ],
    [
      0.0,
      12140843.0,
      107580450.0,
      678506.0,
      342513.0,
      653751.0,
      670158.0,
      739570.0
    ],
    [
      0.0,
      14518108.0,
      1047398.0,
      59817908.0,
      318245.0,
      1506922.0,
      1277123.0,
      1104796.0
    ],
    [
      0.0,
      14239099.0,
      669073.0,
      597913.0,
      174804681.0,
      1865550.0,
      3018868.0,
      4372632.0
    ],
    [
      0.0,
      15386105.0,
      784549.0,
      993228.0,
      4553146.0,
      42150055.0,
      401712.0,
      10114338.0
    ],
    [
      0.0,
      40150358.0,
      1020651.0,
      1299634.0,
      2766468.0,
      1228790.0,
      69457651.0,
      9692095.0
    ],
    [
      0.0,
      152943098.0,
      5385220.0,
      3177088.0,
      8909541.0,
      8962492.0,
      12914952.0,
      294790311.0
    ]
  ]
}