{
  "mean_iou": 0.5580532423447936,
  "pixel_accuracy": 0.725130420707234,
  "per_class_iou": {
    "background": 0.5527037424420587,
    "building": 0.6538892137667487,
    "road": 0.5845244539626421,
    "water": 0.7210286129556206,
    "barren": 0.3743620008999985,
    "forest": 0.4504667736329176,
    "agriculture": 0.5693978987535689
  },
  "confusion_matrix": [
    [
      0.0,
      0.0,
      0.0,
      0.0,
      0.0,
      0.0,
      0.0,
      0.0
    ],
    [
      0.0,
      481200514.0,
      36491790.0,
      16212581.0,
      28769719.0,
      8630549.0,
      24922997.0,
      19022532.0
    ],
    [
      0.0,
      12569880.0,
      107808165.0,
      294537.0,
      242198.0,
      486420.0,
      718725.0,
      685866.0
    ],
    [
      0.0,
      16426472.0,
      669535.0,
      58846720.0,
      325534.0,
      1069351.0,
      1316675.0,
      936213.0
    ],
    [
      0.0,
      15915229.0,
      164448.0,
      232518.0,
      173995766.0,
      1439029.0,
      3859349.0,
      3961477.0
    ],
    [
      0.0,
      23855714.0,
      1051295.0,
      687834.0,
      3907830.0,
      34742515.0,
      687235.0,
      9450710.0
    ],
    [
      0.0,
      36288288.0,
      788928.0,
      993780.0,
      1591835.0,
      441159.0,
      78535376.0,
      6976281.0
    ],
    [
      0.0,
      150323834.0,
      2900431.0,
      2662772.0,
      6911103.0,
      6354957.0,
      17221589.0,
      300708016.0
    ]
  ]
}