{
  "mean_iou": 0.522702347104201,
  "pixel_accuracy": 0.6935830082286001,
  "per_class_iou": {
    "background": 0.5181624135574651,
    "building": 0.6319982314421086,
    "road": 0.5348272694573751,
    "water": 0.6660339710924826,
    "barren": 0.3410198819132735,
    "forest": 0.4352046097828456,
    "agriculture": 0.5316700524838571
  },
  "confusion_matrix": [
    [
      0.0,
      0.0,
      0.0,
      0.0,
      0.0,
      0.0,
      0.0,
      0.0
    ],
    [
      0.0,
      114952450.0,
      9679502.0,
      5159610.0,
      6486579.0,
      3796649.0,
      9877453.0,
      4857056.0
    ],
    [
      0.0,
      3496122.0,
      26684211.0,
      164509.0,
      88172.0,
      141774.0,
      140329.0,
      209572.0
    ],
    [
      0.0,
      4350013.0,
      203676.0,
      14316036.0,
      93685.0,
      340866.0,
      317105.0,
      205302.0
    ],
    [
      0.0,
      5900111.0,
      58482.0,
      116003.0,
      41078172.0,
      620661.0,
      1437294.0,
      1992483.0
    ],
    [
      0.0,
      5930286.0,
      193598.0,
      232301.0,
      1229203.0,
      9388602.0,
      397217.0,
      2199431.0
    ],
    [
      0.0,
      7633607.0,
      280549.0,
      304893.0,
      522063.0,
      193409.0,
      21627497.0,
      1782569.0
    ],
    [
      0.0,
      39726931.0,
      881475.0,
      963589.0,
      2052883.0,
      2866955.0,
      5181024.0,
      71428897.0
    ]
  ]
}