{
  "checkpoint": "outputs/seg_release/pr05_b2_cedice_inverse_basic_aug/checkpoints/best_model.pth",
  "num_samples": 1669,
  "mean_iou": 0.539972145032554,
  "pixel_accuracy": 0.7112814148732007,
  "per_class_iou": {
    "background": 0.5349803855932692,
    "building": 0.6390739661126373,
    "road": 0.5484508073659123,
    "water": 0.7125707226411238,
    "barren": 0.35151160347422217,
    "forest": 0.4368269422671161,
    "agriculture": 0.5563905877735971
  },
  "mean_entropy": 0.3714413095211988,
  "tta": "sliding",
  "window_size": 512,
  "stride": 128,
  "scales": [
    1.0
  ]
}