{
  "mean_iou": 0.539972145032554,
  "pixel_accuracy": 0.7112814148732007,
  "per_class_iou": {
    "background": 0.5349803855932692,
    "building": 0.6390739661126373,
    "road": 0.5484508073659123,
    "water": 0.7125707226411238,
    "barren": 0.35151160347422217,
    "forest": 0.4368269422671161,
    "agriculture": 0.5563905877735971
  },
  "confusion_matrix": [
    [
      0.0,
      0.0,
      0.0,
      0.0,
      0.0,
      0.0,
      0.0,
      0.0
    ],
    [
      0.0,
      474410490.0,
      38085685.0,
      24827420.0,
      24908848.0,
      11275887.0,
      25306443.0,
      16435909.0
    ],
    [
      0.0,
      13034753.0,
      106765228.0,
      828393.0,
      389276.0,
      493915.0,
      778616.0,
      515610.0
    ],
    [
      0.0,
      14874206.0,
      721165.0,
      60838289.0,
      319554.0,
      1109156.0,
      1136898.0,
      591232.0
    ],
    [
      0.0,
      19856226.0,
      115616.0,
      244317.0,
      169901015.0,
      1846207.0,
      4278513.0,
      3325922.0
    ],
    [
      0.0,
      26718561.0,
      978776.0,
      751311.0,
      3296816.0,
      34331159.0,
      711617.0,
      7594893.0
    ],
    [
      0.0,
      40191296.0,
      857296.0,
      1460020.0,
      1427431.0,
      531605.0,
      76628239.0,
      4519760.0
    ],
    [
      0.0,
      156855367.0,
      3498067.0,
      3225561.0,
      8524157.0,
      8027311.0,
      17592396.0,
      289359843.0
    ]
  ]
}