{
  "checkpoint": "outputs/seg_release/pr05_b2_cedice_inverse_basic_aug/checkpoints/best_model.pth",
  "num_samples": 1669,
  "mean_iou": 0.5397458878441063,
  "pixel_accuracy": 0.7151481152304886,
  "per_class_iou": {
    "background": 0.5431045867995817,
    "building": 0.6426995397095402,
    "road": 0.5716937312866278,
    "water": 0.7108781046044284,
    "barren": 0.3158347344277258,
    "forest": 0.43487043235861567,
    "agriculture": 0.559140085722224
  },
  "mean_entropy": 0.42375660562397294,
  "tta": "sliding",
  "window_size": 512,
  "stride": 128,
  "scales": [
    0.75,
    1.0,
    1.25
  ]
}