{
  "mean_iou": 0.5397458878441063,
  "pixel_accuracy": 0.7151481152304886,
  "per_class_iou": {
    "background": 0.5431045867995817,
    "building": 0.6426995397095402,
    "road": 0.5716937312866278,
    "water": 0.7108781046044284,
    "barren": 0.3158347344277258,
    "forest": 0.43487043235861567,
    "agriculture": 0.559140085722224
  },
  "confusion_matrix": [
    [
      0.0,
      0.0,
      0.0,
      0.0,
      0.0,
      0.0,
      0.0,
      0.0
    ],
    [
      0.0,
      488913893.0,
      36132556.0,
      19374490.0,
      25146811.0,
      7698374.0,
      21066051.0,
      16918507.0
    ],
    [
      0.0,
      14503127.0,
      105772413.0,
      512985.0,
      348869.0,
      428865.0,
      687467.0,
      552065.0
    ],
    [
      0.0,
      16563172.0,
      682966.0,
      59453568.0,
      251556.0,
      839289.0,
      1171701.0,
      628248.0
    ],
    [
      0.0,
      20444206.0,
      100700.0,
      198724.0,
      170307739.0,
      1326973.0,
      3405321.0,
      3784153.0
    ],
    [
      0.0,
      29973920.0,
      769372.0,
      639214.0,
      3937751.0,
      28576121.0,
      481632.0,
      10005123.0
    ],
    [
      0.0,
      43055177.0,
      740605.0,
      1088306.0,
      1798865.0,
      310879.0,
      71819973.0,
      6801842.0
    ],
    [
      0.0,
      160430235.0,
      3343222.0,
      2591268.0,
      8522090.0,
      5490569.0,
      12724759.0,
      293980559.0
    ]
  ]
}