{
  "mean_iou": 0.5495793573471094,
  "pixel_accuracy": 0.7177819777087338,
  "per_class_iou": {
    "background": 0.5449036252824921,
    "building": 0.6508354152846624,
    "road": 0.5695136832631876,
    "water": 0.7147050501497348,
    "barren": 0.3650929296875275,
    "forest": 0.4478500840067521,
    "agriculture": 0.5541547137554094
  },
  "confusion_matrix": [
    [
      0.0,
      0.0,
      0.0,
      0.0,
      0.0,
      0.0,
      0.0,
      0.0
    ],
    [
      0.0,
      482364973.0,
      36794463.0,
      19887830.0,
      28454663.0,
      8985055.0,
      23694308.0,
      15069390.0
    ],
    [
      0.0,
      12769066.0,
      107502893.0,
      476439.0,
      285429.0,
      519822.0,
      691387.0,
      560755.0
    ],
    [
      0.0,
      15673585.0,
      687907.0,
      59866628.0,
      342103.0,
      1111128.0,
      1224342.0,
      684807.0
    ],
    [
      0.0,
      17125330.0,
      225522.0,
      257167.0,
      173396414.0,
      1414676.0,
      3639871.0,
      3508836.0
    ],
    [
      0.0,
      25508955.0,
      945733.0,
      686037.0,
      4029437.0,
      34268917.0,
      589963.0,
      8354091.0
    ],
    [
      0.0,
      38212424.0,
      850501.0,
      1145154.0,
      1796941.0,
      487548.0,
      76968846.0,
      6154233.0
    ],
    [
      0.0,
      160689842.0,
      2866855.0,
      3075731.0,
      8136160.0,
      6962184.0,
      16407453.0,
      288944477.0
    ]
  ]
}