{
  "mean_iou": 0.529619319410276,
  "pixel_accuracy": 0.7052215464596698,
  "per_class_iou": {
    "background": 0.534599139806909,
    "building": 0.6424101915547695,
    "road": 0.5508034508029132,
    "water": 0.6992523938245025,
    "barren": 0.3159831583589377,
    "forest": 0.4229161574746839,
    "agriculture": 0.5413707440492156
  },
  "confusion_matrix": [
    [
      0.0,
      0.0,
      0.0,
      0.0,
      0.0,
      0.0,
      0.0,
      0.0
    ],
    [
      0.0,
      120229963.0,
      9558848.0,
      4490670.0,
      7287452.0,
      2924227.0,
      6202405.0,
      4115734.0
    ],
    [
      0.0,
      3120370.0,
      27021538.0,
      118601.0,
      86502.0,
      157388.0,
      177296.0,
      242994.0
    ],
    [
      0.0,
      4337523.0,
      196361.0,
      14240495.0,
      98644.0,
      289274.0,
      415698.0,
      248688.0
    ],
    [
      0.0,
      4730750.0,
      55937.0,
      61008.0,
      43926362.0,
      359464.0,
      1337188.0,
      732497.0
    ],
    [
      0.0,
      7121501.0,
      276733.0,
      165884.0,
      1323688.0,
      7870366.0,
      316935.0,
      2495531.0
    ],
    [
      0.0,
      10027433.0,
      232631.0,
      271353.0,
      553257.0,
      145386.0,
      19397113.0,
      1717414.0
    ],
    [
      0.0,
      40750536.0,
      817549.0,
      919842.0,
      2266288.0,
      1461172.0,
      5071041.0,
      71815326.0
    ]
  ]
}