{
  "mean_iou": 0.5597217346628598,
  "pixel_accuracy": 0.7263950916665475,
  "per_class_iou": {
    "background": 0.5534519972847928,
    "building": 0.654144129978482,
    "road": 0.5843011912766608,
    "water": 0.721903589839141,
    "barren": 0.3802565786081006,
    "forest": 0.45093421100326153,
    "agriculture": 0.5730604446495797
  },
  "confusion_matrix": [
    [
      0.0,
      0.0,
      0.0,
      0.0,
      0.0,
      0.0,
      0.0,
      0.0
    ],
    [
      0.0,
      479837848.0,
      36399294.0,
      16211863.0,
      28652213.0,
      8985668.0,
      24896359.0,
      20267437.0
    ],
    [
      0.0,
      12576266.0,
      107757347.0,
      293487.0,
      242369.0,
      499559.0,
      712218.0,
      724545.0
    ],
    [
      0.0,
      16329708.0,
      665561.0,
      58799862.0,
      327131.0,
      1151813.0,
      1299346.0,
      1017079.0
    ],
    [
      0.0,
      15890442.0,
      146703.0,
      231297.0,
      174008561.0,
      1424049.0,
      3819390.0,
      4047374.0
    ],
    [
      0.0,
      23104709.0,
      1034986.0,
      686845.0,
      3878252.0,
      35490026.0,
      676673.0,
      9511642.0
    ],
    [
      0.0,
      36115240.0,
      780935.0,
      1002478.0,
      1610225.0,
      480560.0,
      78510694.0,
      7115515.0
    ],
    [
      0.0,
      147723858.0,
      2897012.0,
      2616325.0,
      6763268.0,
      6407005.0,
      17087126.0,
      303588108.0
    ]
  ]
}