{
  "mean_iou": 0.5365931570679863,
  "pixel_accuracy": 0.7097114701132853,
  "per_class_iou": {
    "background": 0.5333735166045336,
    "building": 0.6411064440335207,
    "road": 0.5754879876397931,
    "water": 0.6846808187599591,
    "barren": 0.3179134816201827,
    "forest": 0.45573861345096023,
    "agriculture": 0.5478512373669542
  },
  "confusion_matrix": [
    [
      0.0,
      0.0,
      0.0,
      0.0,
      0.0,
      0.0,
      0.0,
      0.0
    ],
    [
      0.0,
      476160154.0,
      43168527.0,
      16676602.0,
      35695951.0,
      8361938.0,
      21236221.0,
      13951289.0
    ],
    [
      0.0,
      10718871.0,
      109888943.0,
      281932.0,
      399052.0,
      441304.0,
      523160.0,
      552529.0
    ],
    [
      0.0,
      17338790.0,
      860960.0,
      58380696.0,
      391834.0,
      826263.0,
      1105662.0,
      686295.0
    ],
    [
      0.0,
      15799883.0,
      131046.0,
      247509.0,
      176396587.0,
      1274965.0,
      2710954.0,
      3006872.0
    ],
    [
      0.0,
      29334082.0,
      768560.0,
      704050.0,
      5937042.0,
      29277433.0,
      548620.0,
      7813346.0
    ],
    [
      0.0,
      39069023.0,
      1079100.0,
      1055268.0,
      2939355.0,
      206783.0,
      74830245.0,
      6435873.0
    ],
    [
      0.0,
      165221696.0,
      2591161.0,
      2889690.0,
      12702262.0,
      6598069.0,
      12455270.0,
      284624554.0
    ]
  ]
}