{
  "mean_iou": 0.5318132421640632,
  "pixel_accuracy": 0.7045806866435042,
  "per_class_iou": {
    "background": 0.5327026794590196,
    "building": 0.6500805038067596,
    "road": 0.5483328166627789,
    "water": 0.6837807479769851,
    "barren": 0.36136213438961684,
    "forest": 0.4039750495872002,
    "agriculture": 0.5424587632660816
  },
  "confusion_matrix": [
    [
      0.0,
      0.0,
      0.0,
      0.0,
      0.0,
      0.0,
      0.0,
      0.0
    ],
    [
      0.0,
      122085711.0,
      8207008.0,
      4594946.0,
      8862882.0,
      2938723.0,
      4568661.0,
      3551368.0
    ],
    [
      0.0,
      4245699.0,
      25999568.0,
      124057.0,
      122695.0,
      138428.0,
      103083.0,
      191159.0
    ],
    [
      0.0,
      4436922.0,
      143290.0,
      14291922.0,
      102446.0,
      414973.0,
      214195.0,
      222935.0
    ],
    [
      0.0,
      4955432.0,
      54626.0,
      69725.0,
      44303207.0,
      414570.0,
      888638.0,
      517008.0
    ],
    [
      0.0,
      6258153.0,
      193992.0,
      217054.0,
      1326969.0,
      9408220.0,
      228361.0,
      1937889.0
    ],
    [
      0.0,
      12322165.0,
      265336.0,
      388188.0,
      689027.0,
      135688.0,
      17082535.0,
      1461648.0
    ],
    [
      0.0,
      42154040.0,
      205441.0,
      843667.0,
      2484314.0,
      2422414.0,
      3938589.0,
      71053289.0
    ]
  ]
}