{
  "mean_iou": 0.5313904795349534,
  "pixel_accuracy": 0.7168567072455914,
  "per_class_iou": {
    "background": 0.52944599892092,
    "building": 0.6115295177365064,
    "road": 0.5491767281093232,
    "water": 0.7083510839452523,
    "barren": 0.3190890311522234,
    "forest": 0.39292421354482726,
    "agriculture": 0.6092167833356221
  },
  "confusion_matrix": [
    [
      0.0,
      0.0,
      0.0,
      0.0,
      0.0,
      0.0,
      0.0,
      0.0
    ],
    [
      0.0,
      426309346.0,
      34291405.0,
      14831147.0,
      31704593.0,
      11792270.0,
      23172461.0,
      73149460.0
    ],
    [
      0.0,
      19685109.0,
      99941416.0,
      407006.0,
      213746.0,
      358003.0,
      769539.0,
      1430972.0
    ],
    [
      0.0,
      17582957.0,
      731443.0,
      54647485.0,
      295313.0,
      1212762.0,
      1214168.0,
      3906372.0
    ],
    [
      0.0,
      13378774.0,
      128595.0,
      228291.0,
      172572319.0,
      1256016.0,
      3251544.0,
      8752277.0
    ],
    [
      0.0,
      16816561.0,
      1404972.0,
      1017011.0,
      4927959.0,
      30166931.0,
      791523.0,
      19258176.0
    ],
    [
      0.0,
      38870810.0,
      1138308.0,
      1067189.0,
      1948815.0,
      667024.0,
      67993378.0,
      13930123.0
    ],
    [
      0.0,
      83614026.0,
      2928091.0,
      2366869.0,
      4967162.0,
      4871588.0,
      18229628.0,
      370105338.0
    ]
  ]
}