{
  "mean_iou": 0.5596894474330041,
  "pixel_accuracy": 0.7273747265037582,
  "per_class_iou": {
    "background": 0.5547053861310214,
    "building": 0.6543650974944704,
    "road": 0.586166016853654,
    "water": 0.723670834476015,
    "barren": 0.3719266087973528,
    "forest": 0.45070414019210425,
    "agriculture": 0.5762880480864112
  },
  "confusion_matrix": [
    [
      0.0,
      0.0,
      0.0,
      0.0,
      0.0,
      0.0,
      0.0,
      0.0
    ],
    [
      0.0,
      482784235.0,
      36532274.0,
      15179660.0,
      27103155.0,
      7925455.0,
      24764158.0,
      20961745.0
    ],
    [
      0.0,
      12723874.0,
      107666581.0,
      268603.0,
      227647.0,
      478101.0,
      697081.0,
      743904.0
    ],
    [
      0.0,
      16998044.0,
      667072.0,
      58228898.0,
      295215.0,
      999068.0,
      1280896.0,
      1121307.0
    ],
    [
      0.0,
      17635213.0,
      105931.0,
      218182.0,
      172666476.0,
      1316986.0,
      3779817.0,
      3845211.0
    ],
    [
      0.0,
      24544931.0,
      1025590.0,
      656279.0,
      3639908.0,
      34010147.0,
      668327.0,
      9837951.0
    ],
    [
      0.0,
      36170990.0,
      777972.0,
      965825.0,
      1490972.0,
      430365.0,
      78193921.0,
      7585602.0
    ],
    [
      0.0,
      147019780.0,
      2621317.0,
      2459528.0,
      6273373.0,
      5910059.0,
      16686869.0,
      306111776.0
    ]
  ]
}