{
  "mean_iou": 0.5422428502706023,
  "pixel_accuracy": 0.7120299109074328,
  "per_class_iou": {
    "background": 0.5401580885412152,
    "building": 0.6521014736722259,
    "road": 0.5671456394816388,
    "water": 0.6905807540054276,
    "barren": 0.37640226059908,
    "forest": 0.4194443873167149,
    "agriculture": 0.5498673482779136
  },
  "confusion_matrix": [
    [
      0.0,
      0.0,
      0.0,
      0.0,
      0.0,
      0.0,
      0.0,
      0.0
    ],
    [
      0.0,
      487645309.0,
      32691384.0,
      18037988.0,
      35357797.0,
      10569476.0,
      18225632.0,
      12723096.0
    ],
    [
      0.0,
      16693514.0,
      103713966.0,
      439341.0,
      435803.0,
      638408.0,
      477702.0,
      407057.0
    ],
    [
      0.0,
      17125990.0,
      583195.0,
      58679934.0,
      450582.0,
      1369860.0,
      750472.0,
      630467.0
    ],
    [
      0.0,
      17946210.0,
      184539.0,
      254449.0,
      174227251.0,
      1608006.0,
      2823095.0,
      2524266.0
    ],
    [
      0.0,
      22935700.0,
      593319.0,
      765258.0,
      4852927.0,
      37165634.0,
      499992.0,
      7570303.0
    ],
    [
      0.0,
      46391842.0,
      1082493.0,
      1467950.0,
      2431015.0,
      564831.0,
      68017515.0,
      5660001.0
    ],
    [
      0.0,
      166438635.0,
      1105026.0,
      2909885.0,
      9194976.0,
      9605422.0,
      13768445.0,
      284060313.0
    ]
  ]
}