{
  "mean_iou": 0.5181815184770164,
  "pixel_accuracy": 0.6982588825105298,
  "per_class_iou": {
    "background": 0.5183982855562516,
    "building": 0.6304064543823619,
    "road": 0.4945874047860284,
    "water": 0.6866188620851854,
    "barren": 0.3373326445664829,
    "forest": 0.39844788976238715,
    "agriculture": 0.5614790882004184
  },
  "confusion_matrix": [
    [
      0.0,
      0.0,
      0.0,
      0.0,
      0.0,
      0.0,
      0.0,
      0.0
    ],
    [
      0.0,
      112187912.0,
      11310671.0,
      8226670.0,
      8302702.0,
      3808182.0,
      6469113.0,
      4504049.0
    ],
    [
      0.0,
      2172114.0,
      27770621.0,
      402110.0,
      91013.0,
      136322.0,
      187487.0,
      165022.0
    ],
    [
      0.0,
      3510623.0,
      226455.0,
      15102766.0,
      88423.0,
      393475.0,
      325032.0,
      179909.0
    ],
    [
      0.0,
      4110899.0,
      40294.0,
      89978.0,
      44356594.0,
      437607.0,
      1552256.0,
      615578.0
    ],
    [
      0.0,
      6202341.0,
      300863.0,
      384749.0,
      1309184.0,
      9139634.0,
      313452.0,
      1920415.0
    ],
    [
      0.0,
      10531682.0,
      321917.0,
      484271.0,
      594784.0,
      218671.0,
      19003947.0,
      1189315.0
    ],
    [
      0.0,
      35075625.0,
      927041.0,
      1121630.0,
      3012167.0,
      2528937.0,
      6503010.0,
      73933344.0
    ]
  ]
}