{
  "mean_iou": 0.560164155404723,
  "pixel_accuracy": 0.726960887658951,
  "per_class_iou": {
    "background": 0.553761037824013,
    "building": 0.6541078010690754,
    "road": 0.584293035829039,
    "water": 0.7223492262107243,
    "barren": 0.3803178965453601,
    "forest": 0.45127578617481334,
    "agriculture": 0.575044304180036
  },
  "confusion_matrix": [
    [
      0.0,
      0.0,
      0.0,
      0.0,
      0.0,
      0.0,
      0.0,
      0.0
    ],
    [
      0.0,
      479218260.0,
      36397843.0,
      16191484.0,
      28633485.0,
      8988297.0,
      24906998.0,
      20914315.0
    ],
    [
      0.0,
      12571879.0,
      107753022.0,
      292296.0,
      241838.0,
      499552.0,
      708305.0,
      738899.0
    ],
    [
      0.0,
      16325705.0,
      665567.0,
      58776792.0,
      327227.0,
      1150992.0,
      1291342.0,
      1052875.0
    ],
    [
      0.0,
      15858349.0,
      141699.0,
      230607.0,
      174057630.0,
      1424837.0,
      3799156.0,
      4055538.0
    ],
    [
      0.0,
      23039095.0,
      1035012.0,
      685985.0,
      3869015.0,
      35489417.0,
      678710.0,
      9585899.0
    ],
    [
      0.0,
      36012584.0,
      782512.0,
      1006052.0,
      1616929.0,
      481080.0,
      78538207.0,
      7178283.0
    ],
    [
      0.0,
      146329892.0,
      2904395.0,
      2597792.0,
      6704189.0,
      6387247.0,
      17035785.0,
      305123402.0
    ]
  ]
}