{
  "mean_iou": 0.5340852576268602,
  "pixel_accuracy": 0.7102863713300936,
  "per_class_iou": {
    "background": 0.517986104686341,
    "building": 0.6293096894708374,
    "road": 0.5471587527726367,
    "water": 0.6696816665243565,
    "barren": 0.36502152020475714,
    "forest": 0.4111415877692698,
    "agriculture": 0.5982974819598232
  },
  "confusion_matrix": [
    [
      0.0,
      0.0,
      0.0,
      0.0,
      0.0,
      0.0,
      0.0,
      0.0
    ],
    [
      0.0,
      435673702.0,
      49901340.0,
      22948562.0,
      46249941.0,
      9506330.0,
      23000584.0,
      27970223.0
    ],
    [
      0.0,
      8600931.0,
      111422709.0,
      512465.0,
      220647.0,
      652609.0,
      858191.0,
      538239.0
    ],
    [
      0.0,
      14739667.0,
      955496.0,
      60498023.0,
      323978.0,
      1196561.0,
      1168583.0,
      708192.0
    ],
    [
      0.0,
      13669118.0,
      185961.0,
      467784.0,
      176890590.0,
      1607784.0,
      4194958.0,
      2551621.0
    ],
    [
      0.0,
      23552564.0,
      722186.0,
      1517053.0,
      5822620.0,
      35147659.0,
      965791.0,
      6655260.0
    ],
    [
      0.0,
      41402954.0,
      1012631.0,
      1403021.0,
      2473330.0,
      482878.0,
      73005270.0,
      5835563.0
    ],
    [
      0.0,
      123875569.0,
      1472043.0,
      4128202.0,
      9482974.0,
      8459984.0,
      21763469.0,
      317900461.0
    ]
  ]
}