{
  "mean_iou": 0.5358579367356395,
  "pixel_accuracy": 0.7136010332795008,
  "per_class_iou": {
    "background": 0.5071792763645444,
    "building": 0.607113744180799,
    "road": 0.5608244115825503,
    "water": 0.6975107785347396,
    "barren": 0.3402888239920198,
    "forest": 0.41816413602553437,
    "agriculture": 0.6199243864692885
  },
  "confusion_matrix": [
    [
      0.0,
      0.0,
      0.0,
      0.0,
      0.0,
      0.0,
      0.0,
      0.0
    ],
    [
      0.0,
      387531724.0,
      41738130.0,
      13791971.0,
      33154540.0,
      13760735.0,
      40993559.0,
      84280023.0
    ],
    [
      0.0,
      13241954.0,
      106162597.0,
      327746.0,
      206240.0,
      536190.0,
      1005043.0,
      1326021.0
    ],
    [
      0.0,
      16450922.0,
      1007722.0,
      55196891.0,
      295544.0,
      1173277.0,
      1764171.0,
      3701973.0
    ],
    [
      0.0,
      11295450.0,
      260322.0,
      326673.0,
      171219626.0,
      1993424.0,
      5480162.0,
      8992159.0
    ],
    [
      0.0,
      16869434.0,
      1897572.0,
      1095948.0,
      4609722.0,
      33440685.0,
      1231871.0,
      15237901.0
    ],
    [
      0.0,
      26236910.0,
      1076484.0,
      1110605.0,
      1861161.0,
      880142.0,
      83521583.0,
      10928762.0
    ],
    [
      0.0,
      64746838.0,
      6078406.0,
      2177542.0,
      5777350.0,
      5544575.0,
      23643517.0,
      379114474.0
    ]
  ]
}