{
  "mean_iou": 0.5225475966062622,
  "pixel_accuracy": 0.6974685579853499,
  "per_class_iou": {
    "background": 0.5226181793659778,
    "building": 0.626015069781498,
    "road": 0.5302580121710755,
    "water": 0.6832448982946601,
    "barren": 0.3236638140085001,
    "forest": 0.4306127884984614,
    "agriculture": 0.5414204141236618
  },
  "confusion_matrix": [
    [
      0.0,
      0.0,
      0.0,
      0.0,
      0.0,
      0.0,
      0.0,
      0.0
    ],
    [
      0.0,
      115814267.0,
      9243525.0,
      5351514.0,
      7363864.0,
      3799237.0,
      8030315.0,
      5206577.0
    ],
    [
      0.0,
      3823033.0,
      26316111.0,
      164013.0,
      94944.0,
      163479.0,
      152422.0,
      210687.0
    ],
    [
      0.0,
      4284190.0,
      175704.0,
      14339576.0,
      92480.0,
      339251.0,
      332818.0,
      262664.0
    ],
    [
      0.0,
      5082983.0,
      62210.0,
      101117.0,
      42769456.0,
      637762.0,
      1393693.0,
      1155985.0
    ],
    [
      0.0,
      6333487.0,
      161834.0,
      281766.0,
      1095734.0,
      8999908.0,
      287502.0,
      2410407.0
    ],
    [
      0.0,
      9037683.0,
      248133.0,
      314211.0,
      561265.0,
      220151.0,
      20426137.0,
      1537007.0
    ],
    [
      0.0,
      38233302.0,
      1221409.0,
      1003335.0,
      2186056.0,
      3075828.0,
      4893708.0,
      72488116.0
    ]
  ]
}