{
  "mean_iou": 0.5612014770500636,
  "pixel_accuracy": 0.7279356471701157,
  "per_class_iou": {
    "background": 0.5547758151128743,
    "building": 0.654267676158053,
    "road": 0.5851740819248965,
    "water": 0.7227079629825744,
    "barren": 0.3811423762994769,
    "forest": 0.4532806658947631,
    "agriculture": 0.5770617609778067
  },
  "confusion_matrix": [
    [
      0.0,
      0.0,
      0.0,
      0.0,
      0.0,
      0.0,
      0.0,
      0.0
    ],
    [
      0.0,
      479270359.0,
      36188237.0,
      16177053.0,
      28750634.0,
      8976977.0,
      24877435.0,
      21009987.0
    ],
    [
      0.0,
      12671911.0,
      107675512.0,
      290753.0,
      241202.0,
      496004.0,
      699862.0,
      730547.0
    ],
    [
      0.0,
      16222562.0,
      660794.0,
      58843380.0,
      357702.0,
      1157907.0,
      1302095.0,
      1046060.0
    ],
    [
      0.0,
      15788121.0,
      143097.0,
      228349.0,
      174245489.0,
      1452620.0,
      3676407.0,
      4033733.0
    ],
    [
      0.0,
      23026320.0,
      1068450.0,
      678148.0,
      3820418.0,
      35562983.0,
      694295.0,
      9532519.0
    ],
    [
      0.0,
      35791244.0,
      777390.0,
      1009849.0,
      1616128.0,
      462890.0,
      78882647.0,
      7075499.0
    ],
    [
      0.0,
      145148317.0,
      2930338.0,
      2582399.0,
      6746929.0,
      6376764.0,
      17160316.0,
      306137639.0
    ]
  ]
}