{
  "mean_iou": 0.5253775114251915,
  "pixel_accuracy": 0.6998921531620661,
  "per_class_iou": {
    "background": 0.5242111223601031,
    "building": 0.6381230490216129,
    "road": 0.5305963556684936,
    "water": 0.6940764921425646,
    "barren": 0.3268728466856438,
    "forest": 0.4215995277295578,
    "agriculture": 0.5421631863683645
  },
  "confusion_matrix": [
    [
      0.0,
      0.0,
      0.0,
      0.0,
      0.0,
      0.0,
      0.0,
      0.0
    ],
    [
      0.0,
      117904480.0,
      9556279.0,
      6282498.0,
      6327405.0,
      3195740.0,
      6373599.0,
      5169298.0
    ],
    [
      0.0,
      3288423.0,
      26850077.0,
      218779.0,
      93059.0,
      86121.0,
      193775.0,
      194455.0
    ],
    [
      0.0,
      3884695.0,
      189958.0,
      14774221.0,
      90636.0,
      338596.0,
      315033.0,
      233544.0
    ],
    [
      0.0,
      5415128.0,
      32050.0,
      57512.0,
      42726711.0,
      675436.0,
      1528781.0,
      767588.0
    ],
    [
      0.0,
      7249287.0,
      239068.0,
      216833.0,
      950624.0,
      8543961.0,
      304507.0,
      2066358.0
    ],
    [
      0.0,
      10520896.0,
      216392.0,
      374698.0,
      426291.0,
      148622.0,
      19413896.0,
      1243792.0
    ],
    [
      0.0,
      39750201.0,
      918209.0,
      867555.0,
      2467860.0,
      2123332.0,
      4987910.0,
      71986687.0
    ]
  ]
}